{
 "game_id": "2_6_plinko",
 "rows": [
  8,
  9,
  10,
  11,
  12,
  13,
  14,
  15,
  16
 ],
 "difficulties": [
  "low",
  "medium",
  "high"
 ],
 "rtp": 0.9664,
 "disabledAutoplay": false,
 "modes": {
  "base_r08_low": {
   "rows": 8,
   "difficulty": "low",
   "cells": [
    5.0,
    3.2,
    1.7,
    0.5,
    0.5,
    0.5,
    1.7,
    3.2,
    5.0
   ],
   "binWeights": [
    0.00390625,
    0.03125,
    0.109375,
    0.21875,
    0.2734375,
    0.21875,
    0.109375,
    0.03125,
    0.00390625
   ],
   "rtp": 0.966406,
   "edge": 5.0,
   "maxWin": 5.0,
   "cost": 1.0
  },
  "base_r08_medium": {
   "rows": 8,
   "difficulty": "medium",
   "cells": [
    13.0,
    6.5,
    1.1,
    0.3,
    0.3,
    0.3,
    1.1,
    6.5,
    13.0
   ],
   "binWeights": [
    0.00390625,
    0.03125,
    0.109375,
    0.21875,
    0.2734375,
    0.21875,
    0.109375,
    0.03125,
    0.00390625
   ],
   "rtp": 0.961719,
   "edge": 13.0,
   "maxWin": 13.0,
   "cost": 1.0
  },
  "base_r08_high": {
   "rows": 8,
   "difficulty": "high",
   "cells": [
    29.0,
    8.8,
    0.2,
    0.2,
    0.2,
    0.2,
    0.2,
    8.8,
    29.0
   ],
   "binWeights": [
    0.00390625,
    0.03125,
    0.109375,
    0.21875,
    0.2734375,
    0.21875,
    0.109375,
    0.03125,
    0.00390625
   ],
   "rtp": 0.9625,
   "edge": 29.0,
   "maxWin": 29.0,
   "cost": 1.0
  },
  "base_r09_low": {
   "rows": 9,
   "difficulty": "low",
   "cells": [
    5.8,
    4.0,
    2.3,
    0.7,
    0.5,
    0.5,
    0.7,
    2.3,
    4.0,
    5.8
   ],
   "binWeights": [
    0.001953125,
    0.017578125,
    0.0703125,
    0.1640625,
    0.24609375,
    0.24609375,
    0.1640625,
    0.0703125,
    0.017578125,
    0.001953125
   ],
   "rtp": 0.9625,
   "edge": 5.8,
   "maxWin": 5.8,
   "cost": 1.0
  },
  "base_r09_medium": {
   "rows": 9,
   "difficulty": "medium",
   "cells": [
    17.0,
    9.3,
    2.3,
    0.3,
    0.3,
    0.3,
    0.3,
    2.3,
    9.3,
    17.0
   ],
   "binWeights": [
    0.001953125,
    0.017578125,
    0.0703125,
    0.1640625,
    0.24609375,
    0.24609375,
    0.1640625,
    0.0703125,
    0.017578125,
    0.001953125
   ],
   "rtp": 0.962891,
   "edge": 17.0,
   "maxWin": 17.0,
   "cost": 1.0
  },
  "base_r09_high": {
   "rows": 9,
   "difficulty": "high",
   "cells": [
    45.0,
    16.9,
    0.2,
    0.2,
    0.2,
    0.2,
    0.2,
    0.2,
    16.9,
    45.0
   ],
   "binWeights": [
    0.001953125,
    0.017578125,
    0.0703125,
    0.1640625,
    0.24609375,
    0.24609375,
    0.1640625,
    0.0703125,
    0.017578125,
    0.001953125
   ],
   "rtp": 0.962109,
   "edge": 45.0,
   "maxWin": 45.0,
   "cost": 1.0
  },
  "base_r10_low": {
   "rows": 10,
   "difficulty": "low",
   "cells": [
    6.6,
    4.4,
    2.9,
    1.2,
    0.5,
    0.5,
    0.5,
    1.2,
    2.9,
    4.4,
    6.6
   ],
   "binWeights": [
    0.0009765625,
    0.009765625,
    0.0439453125,
    0.1171875,
    0.205078125,
    0.24609375,
    0.205078125,
    0.1171875,
    0.0439453125,
    0.009765625,
    0.0009765625
   ],
   "rtp": 0.963086,
   "edge": 6.6,
   "maxWin": 6.6,
   "cost": 1.0
  },
  "base_r10_medium": {
   "rows": 10,
   "difficulty": "medium",
   "cells": [
    22.0,
    12.8,
    4.6,
    0.3,
    0.3,
    0.3,
    0.3,
    0.3,
    4.6,
    12.8,
    22.0
   ],
   "binWeights": [
    0.0009765625,
    0.009765625,
    0.0439453125,
    0.1171875,
    0.205078125,
    0.24609375,
    0.205078125,
    0.1171875,
    0.0439453125,
    0.009765625,
    0.0009765625
   ],
   "rtp": 0.964453,
   "edge": 22.0,
   "maxWin": 22.0,
   "cost": 1.0
  },
  "base_r10_high": {
   "rows": 10,
   "difficulty": "high",
   "cells": [
    70.0,
    32.3,
    0.2,
    0.2,
    0.2,
    0.2,
    0.2,
    0.2,
    0.2,
    32.3,
    70.0
   ],
   "binWeights": [
    0.0009765625,
    0.009765625,
    0.0439453125,
    0.1171875,
    0.205078125,
    0.24609375,
    0.205078125,
    0.1171875,
    0.0439453125,
    0.009765625,
    0.0009765625
   ],
   "rtp": 0.963281,
   "edge": 70.0,
   "maxWin": 70.0,
   "cost": 1.0
  },
  "base_r11_low": {
   "rows": 11,
   "difficulty": "low",
   "cells": [
    7.6,
    5.5,
    3.5,
    2.0,
    0.5,
    0.5,
    0.5,
    0.5,
    2.0,
    3.5,
    5.5,
    7.6
   ],
   "binWeights": [
    0.00048828125,
    0.00537109375,
    0.02685546875,
    0.08056640625,
    0.1611328125,
    0.2255859375,
    0.2255859375,
    0.1611328125,
    0.08056640625,
    0.02685546875,
    0.00537109375,
    0.00048828125
   ],
   "rtp": 0.963477,
   "edge": 7.6,
   "maxWin": 7.6,
   "cost": 1.0
  },
  "base_r11_medium": {
   "rows": 11,
   "difficulty": "medium",
   "cells": [
    29.0,
    17.5,
    8.7,
    0.3,
    0.3,
    0.3,
    0.3,
    0.3,
    0.3,
    8.7,
    17.5,
    29.0
   ],
   "binWeights": [
    0.00048828125,
    0.00537109375,
    0.02685546875,
    0.08056640625,
    0.1611328125,
    0.2255859375,
    0.2255859375,
    0.1611328125,
    0.08056640625,
    0.02685546875,
    0.00537109375,
    0.00048828125
   ],
   "rtp": 0.963965,
   "edge": 29.0,
   "maxWin": 29.0,
   "cost": 1.0
  },
  "base_r11_high": {
   "rows": 11,
   "difficulty": "high",
   "cells": [
    110.0,
    57.8,
    0.9,
    0.2,
    0.2,
    0.2,
    0.2,
    0.2,
    0.2,
    0.9,
    57.8,
    110.0
   ],
   "binWeights": [
    0.00048828125,
    0.00537109375,
    0.02685546875,
    0.08056640625,
    0.1611328125,
    0.2255859375,
    0.2255859375,
    0.1611328125,
    0.08056640625,
    0.02685546875,
    0.00537109375,
    0.00048828125
   ],
   "rtp": 0.963574,
   "edge": 110.0,
   "maxWin": 110.0,
   "cost": 1.0
  },
  "base_r12_low": {
   "rows": 12,
   "difficulty": "low",
   "cells": [
    8.7,
    6.5,
    4.5,
    2.8,
    0.7,
    0.5,
    0.5,
    0.5,
    0.7,
    2.8,
    4.5,
    6.5,
    8.7
   ],
   "binWeights": [
    0.000244140625,
    0.0029296875,
    0.01611328125,
    0.0537109375,
    0.120849609375,
    0.193359375,
    0.2255859375,
    0.193359375,
    0.120849609375,
    0.0537109375,
    0.01611328125,
    0.0029296875,
    0.000244140625
   ],
   "rtp": 0.963477,
   "edge": 8.7,
   "maxWin": 8.7,
   "cost": 1.0
  },
  "base_r12_medium": {
   "rows": 12,
   "difficulty": "medium",
   "cells": [
    37.0,
    23.4,
    13.8,
    1.0,
    0.3,
    0.3,
    0.3,
    0.3,
    0.3,
    1.0,
    13.8,
    23.4,
    37.0
   ],
   "binWeights": [
    0.000244140625,
    0.0029296875,
    0.01611328125,
    0.0537109375,
    0.120849609375,
    0.193359375,
    0.2255859375,
    0.193359375,
    0.120849609375,
    0.0537109375,
    0.01611328125,
    0.0029296875,
    0.000244140625
   ],
   "rtp": 0.963525,
   "edge": 37.0,
   "maxWin": 37.0,
   "cost": 1.0
  },
  "base_r12_high": {
   "rows": 12,
   "difficulty": "high",
   "cells": [
    170.0,
    94.9,
    4.1,
    0.2,
    0.2,
    0.2,
    0.2,
    0.2,
    0.2,
    0.2,
    4.1,
    94.9,
    170.0
   ],
   "binWeights": [
    0.000244140625,
    0.0029296875,
    0.01611328125,
    0.0537109375,
    0.120849609375,
    0.193359375,
    0.2255859375,
    0.193359375,
    0.120849609375,
    0.0537109375,
    0.01611328125,
    0.0029296875,
    0.000244140625
   ],
   "rtp": 0.963477,
   "edge": 170.0,
   "maxWin": 170.0,
   "cost": 1.0
  },
  "base_r13_low": {
   "rows": 13,
   "difficulty": "low",
   "cells": [
    10.0,
    7.5,
    5.4,
    3.7,
    1.2,
    0.5,
    0.5,
    0.5,
    0.5,
    1.2,
    3.7,
    5.4,
    7.5,
    10.0
   ],
   "binWeights": [
    0.0001220703125,
    0.0015869140625,
    0.009521484375,
    0.034912109375,
    0.0872802734375,
    0.1571044921875,
    0.20947265625,
    0.20947265625,
    0.1571044921875,
    0.0872802734375,
    0.034912109375,
    0.009521484375,
    0.0015869140625,
    0.0001220703125
   ],
   "rtp": 0.963477,
   "edge": 10.0,
   "maxWin": 10.0,
   "cost": 1.0
  },
  "base_r13_medium": {
   "rows": 13,
   "difficulty": "medium",